Provider Name,Type,Address,City,State,ZIP,Distance,Phone Number,Network Status,Website,Reviews,Markdown File,Quality
Select San Diego PT,Physical Therapy,7425 Mission Valley Rd Ste 201,San Diego,CA,92108,2.0 miles,619-291-3400,In-network,,5.0/5 (320 reviews) - Experienced clinical team,provider_details/14_select_san_diego_pt.md,10
San Diego Elite Physical Therapy,Physical Therapy,7801 Mission Center CT Ste 330,San Diego,CA,92108,1.7 miles,619-489-3130,In-network,,5.0/5 (56 reviews) - Manual therapy specialists,provider_details/10_sd_elite_pt.md,9
Catalyst Physical Therapy and Wellness,Physical Therapy,1333 Camino Del Rio S Ste 103,San Diego,CA,92108,1.3 miles,619-501-2195,In-network,,4.9/5 (513+ total reviews),provider_details/08_catalyst_pt_wellness.md,9
Water and Sports PT,Physical Therapy,3974 Dove St,San Diego,CA,92103,0.5 miles,858-488-3597,In-network,https://www.waterandsportspt.com/,4.7/5 (345+ reviews) - Official Padres PT,provider_details/04_water_sports_pt.md,8
Innovative Physical Therapy,Physical Therapy,5030 Camino De La Siesta Ste 220,San Diego,CA,92108,1.1 miles,619-260-0750,In-network,,4.9/5 (200+ reviews) - 35+ years in business,provider_details/06_innovative_physical_therapy.md,8
Nexus Physical Therapy,Physical Therapy,5353 Mission Center Rd Ste 221,San Diego,CA,92108,1.7 miles,619-325-0736,In-network,,5.0/5 (34 reviews),provider_details/12_nexus_pt.md,8
Rise Physical Therapy,Physical Therapy,4101 30th St # B,San Diego,CA,92104,1.8 miles,858-755-5200,In-network,https://www.risephysicaltherapy.com/,4.7/5 (139+ reviews) - 1-on-1 therapy,provider_details/11_rise_pt.md,8
Coast PT and Sports Medicine,Physical Therapy,7840 Mission Center CT Ste 103,San Diego,CA,92108,1.8 miles,619-294-3644,In-network,coastpt.net,5.0/5 (4 reviews) - Excellent recent reviews,provider_details/13_coast_pt_sports.md,7
EBS Early Intervention CA,Physical Therapy,411 Camino Del Rio S Ste 101,San Diego,CA,92108,0.8 miles,800-578-7906,In-network,,5.0/5 (1 review) - Pediatric focus,provider_details/05_ebs_early_intervention.md,6
One-on-one Physical Therapy,Physical Therapy,1233 Camino Del Rio S Ste 283,San Diego,CA,92108,1.2 miles,949-307-4654,In-network,,Limited reviews found,provider_details/07_one_on_one_pt.md,4
New Life Physical Therapy Services,Physical Therapy,2340 4th Ave,San Diego,CA,92101,1.3 miles,864-244-3626,In-network,,Limited online presence,provider_details/09_new_life_pt.md,3
Total Rehab and Wellness,Physical Therapy,5971 University Ave Ste 3,San Diego,CA,92115,0.5 miles,619-286-4219,In-network,,No specific reviews found,provider_details/03_total_rehab_wellness.md,3
Eggleton Langton PT Mgmt Svs,Physical Therapy,4060 4th Ave Ste 206,San Diego,CA,92103,0.2 miles,619-299-5246,In-network,,No reviews found - established practice,provider_details/02_eggleton_langton_pt.md,3
Developmental Therapy Center,Physical Therapy,3770 4th Ave,San Diego,CA,92103,0.2 miles,619-291-3515,In-network,,Speech/OT clinic - no PT reviews found,provider_details/01_developmental_therapy_center.md,2
Naval Hsp/camp Pendleton/pro Fee,Physical Therapy,34800 Bob Wilson Dr,San Diego,CA,92134,1.7 miles,619-532-9795,In-network,,No reviews - Military facility,provider_details/15_naval_hospital_balboa.md,4
SD Elite Physical Therapy,Physical Therapy,7801 Mission Center CT Ste 330,San Diego,CA,92108,1.7 miles,619-489-3130,In-network,,,,5
Kara Dodds and Associates,Physical Therapy,7840 Mission Center CT Ste 200,San Diego,CA,92108,1.8 miles,619-692-0622,In-network,,4.2/5 (60+ reviews) - Pediatric specialist since 2001,provider_details/16_kara_dodds_associates.md,7
Spinezone Medical Fitness,Physical Therapy,7525 Metropolitan Dr Ste 306,San Diego,CA,92108,2.0 miles,844-316-7979,In-network,,Positive reviews (48+ comments) - 15+ years experience,provider_details/17_spinezone_medical_fitness.md,7
Heller Physical Therapy,Physical Therapy,2535 Camino Del Rio S Ste 225,San Diego,CA,92108,2.0 miles,347-820-5291,In-network,,No reviews found - Limited online presence,provider_details/18_heller_physical_therapy.md,3
Functionsmart,Physical Therapy,2727 Camino Del Rio S Ste 102,San Diego,CA,92108,2.1 miles,858-452-0282,In-network,www.functionsmart.com,5.0/5 (12 reviews) - Decade+ experience with Gino & Renee,provider_details/19_functionsmart_pt.md,8
Action Physical Therapy and Rehab,Physical Therapy,3033 5th Ave Ste 410,San Diego,CA,92103,2.2 miles,619-228-9668,In-network,,,,5
Fit Athletic Physical Therapy,Physical Therapy,350 10th Ave Ste 200,San Diego,CA,92101,2.2 miles,215-830-9991,In-network,,,,5
Mdrs Spine & Sport Inc,Physical Therapy,3975 5th Ave Ste 100,San Diego,CA,92103,2.2 miles,619-238-4318,In-network,,,,5
Rehab United Sports Medicine and Phys,Physical Therapy,1401 E St,San Diego,CA,92101,2.4 miles,619-837-9014,In-network,,,,5
Pro Results Physical Therapy,Physical Therapy,635 7th Ave,San Diego,CA,92101,2.5 miles,619-432-1057,In-network,,,,5
Therapy Specialists CA,Physical Therapy,2790 Truxtun Rd Ste 120,San Diego,CA,92106,3.1 miles,864-244-3626,In-network,,,,4
Community Care Physical Therapy,Physical Therapy,2650 Truxtun Rd Ste 202,San Diego,CA,92106,3.2 miles,619-333-9182,In-network,,,,4
Olive Branch Physical Therapy,Physical Therapy,3555 Kenyon St Ste 100,San Diego,CA,92110,3.2 miles,619-717-1406,In-network,,,,4
Carlsbad Physical Therapy,Physical Therapy,3703 Camino Del Rio S Ste 100,San Diego,CA,92108,3.3 miles,619-269-2336,In-network,,,,4
Healthpro Pediatrics,Physical Therapy,2445 Truxtun Rd Ste 205,San Diego,CA,92106,3.4 miles,619-633-2119,In-network,,,,4
Specialized Therapy Services,Physical Therapy,4204a Adams Ave,San Diego,CA,92116,3.4 miles,619-431-5049,In-network,,,,4
Reliant Medical Group,Physical Therapy,3030 Childrens Way FL 2,San Diego,CA,92123,3.5 miles,858-966-5961,In-network,,,,4
Physiotherapy Associates,Physical Therapy,7625 Mesa College Dr Ste 101a,San Diego,CA,92111,3.6 miles,858-277-1586,In-network,,,,4
Bay Area Spine and Sport,Physical Therapy,3444 Kearny Villa Rd Ste 200,San Diego,CA,92123,4.0 miles,858-208-8526,In-network,,,,3
US Spine and Sports Med Ctr Inc,Physical Therapy,3444 Kearny Villa Rd Ste 205,San Diego,CA,92123,4.0 miles,858-573-9368,In-network,,,,3
All Care Physical Therapy PC,Physical Therapy,8929 Aero Dr Ste E,San Diego,CA,92123,4.5 miles,858-277-2277,In-network,,,,3
Results Rehabilitation,Physical Therapy,1224 10th St Ste 204,Coronado,CA,92118,4.5 miles,619-437-6450,In-network,,,,3
Proactive Phys Thrpy and Sports Med CA,Physical Therapy,3704 Ruffin Rd,San Diego,CA,92123,4.9 miles,619-930-9750,In-network,,,,2
Naval Hsp/camp Pendleton/pro Fee,Physical Therapy,34800 Bob Wilson Dr,San Diego,CA,92134,1.7 miles,619-532-9795,In-network,,,
Nexus Physical Therapy,Physical Therapy,5353 Mission Center Rd Ste 221,San Diego,CA,92108,1.7 miles,619-325-0736,In-network,,5.0/5 (34 reviews),provider_details/12_nexus_pt.md
San Diego Elite Physical Therapy,Physical Therapy,7801 Mission Center CT Ste 330,San Diego,CA,92108,1.7 miles,619-489-3130,In-network,,5.0/5 (56 reviews) - Manual therapy specialists,provider_details/10_sd_elite_pt.md
SD Elite Physical Therapy,Physical Therapy,7801 Mission Center CT Ste 330,San Diego,CA,92108,1.7 miles,619-489-3130,In-network,,,
Kara Dodds and Associates,Physical Therapy,7840 Mission Center CT Ste 200,San Diego,CA,92108,1.8 miles,619-692-0622,In-network,,,
Coast PT and Sports Medicine,Physical Therapy,7840 Mission Center CT Ste 103,San Diego,CA,92108,1.8 miles,619-294-3644,In-network,coastpt.net,5.0/5 (4 reviews) - Excellent recent reviews,provider_details/13_coast_pt_sports.md
Rise Physical Therapy,Physical Therapy,4101 30th St # B,San Diego,CA,92104,1.8 miles,858-755-5200,In-network,https://www.risephysicaltherapy.com/,4.7/5 (139+ reviews) - 1-on-1 therapy,provider_details/11_rise_pt.md
Spinezone Medical Fitness,Physical Therapy,7525 Metropolitan Dr Ste 306,San Diego,CA,92108,2.0 miles,844-316-7979,In-network,,,
Heller Physical Therapy,Physical Therapy,2535 Camino Del Rio S Ste 225,San Diego,CA,92108,2.0 miles,347-820-5291,In-network,,,
Select San Diego PT,Physical Therapy,7425 Mission Valley Rd Ste 201,San Diego,CA,92108,2.0 miles,619-291-3400,In-network,,5.0/5 (320 reviews) - Individualized care plans,provider_details/14_select_san_diego_pt.md
Functionsmart,Physical Therapy,2727 Camino Del Rio S Ste 102,San Diego,CA,92108,2.1 miles,858-452-0282,In-network,,,
Action Physical Therapy and Rehab,Physical Therapy,3033 5th Ave Ste 410,San Diego,CA,92103,2.2 miles,619-228-9668,In-network,,,
Fit Athletic Physical Therapy,Physical Therapy,350 10th Ave Ste 200,San Diego,CA,92101,2.2 miles,215-830-9991,In-network,,,
Mdrs Spine & Sport Inc,Physical Therapy,3975 5th Ave Ste 100,San Diego,CA,92103,2.2 miles,619-238-4318,In-network,,,
Rehab United Sports Medicine and Phys,Physical Therapy,1401 E St,San Diego,CA,92101,2.4 miles,619-837-9014,In-network,,,
Pro Results Physical Therapy,Physical Therapy,635 7th Ave,San Diego,CA,92101,2.5 miles,619-432-1057,In-network,,,
Therapy Specialists CA,Physical Therapy,2790 Truxtun Rd Ste 120,San Diego,CA,92106,3.1 miles,864-244-3626,In-network,,,
Community Care Physical Therapy,Physical Therapy,2650 Truxtun Rd Ste 202,San Diego,CA,92106,3.2 miles,619-333-9182,In-network,,,
Olive Branch Physical Therapy,Physical Therapy,3555 Kenyon St Ste 100,San Diego,CA,92110,3.2 miles,619-717-1406,In-network,,,
Carlsbad Physical Therapy,Physical Therapy,3703 Camino Del Rio S Ste 100,San Diego,CA,92108,3.3 miles,619-269-2336,In-network,,,
Healthpro Pediatrics,Physical Therapy,2445 Truxtun Rd Ste 205,San Diego,CA,92106,3.4 miles,619-633-2119,In-network,,,
Specialized Therapy Services,Physical Therapy,4204a Adams Ave,San Diego,CA,92116,3.4 miles,619-431-5049,In-network,,,
Reliant Medical Group,Physical Therapy,3030 Childrens Way FL 2,San Diego,CA,92123,3.5 miles,858-966-5961,In-network,,,
Physiotherapy Associates,Physical Therapy,7625 Mesa College Dr Ste 101a,San Diego,CA,92111,3.6 miles,858-277-1586,In-network,,,
Bay Area Spine and Sport,Physical Therapy,3444 Kearny Villa Rd Ste 200,San Diego,CA,92123,4.0 miles,858-208-8526,In-network,,,
US Spine and Sports Med Ctr Inc,Physical Therapy,3444 Kearny Villa Rd Ste 205,San Diego,CA,92123,4.0 miles,858-573-9368,In-network,,,
All Care Physical Therapy PC,Physical Therapy,8929 Aero Dr Ste E,San Diego,CA,92123,4.5 miles,858-277-2277,In-network,,,
Results Rehabilitation,Physical Therapy,1224 10th St Ste 204,Coronado,CA,92118,4.5 miles,619-437-6450,In-network,,,
Proactive Phys Thrpy and Sports Med CA,Physical Therapy,3704 Ruffin Rd,San Diego,CA,92123,4.9 miles,619-930-9750,In-network,,,
